username,email,name
Trina Corder,zackary_turner@kassulke.info,Howe LLC
Evans Gayte,rigoberto@kuphal.biz,"Steuber, Huels and Morar"
Morey Bund,roxana_quitzon@schamberger-boyer.io,O'Connell-Murray
Trina Woods,mistie.pagac@will-frami.org,"Runolfsson, Waters and Skiles"
Justin Credible,latosha@shields.co,Strosin-Gibson
Ferris Wheeler,alvin@bailey.biz,Carroll-Hermiston
Harry Pitts,alberto_king@gutmann.info,Gorczany Inc
Marj Oram,rosemary_towne@bartell.com,"Kutch, Schulist and Connelly"
Colleen Cardd,rhoda@mclaughlin-feeney.com,Gleason-Cruickshank
Ken Dahl,kristopher@oconner.biz,"Heathcote, Stiedemann and Hane"
Candy Kane,lenore_will@mcclure.co,Johnston-Goodwin
Rusty Irons,gladis@oberbrunner-wisoky.io,Parisian Group
Hugh deMann,saul_littel@dibbert-pfannerstill.co,Glover-O'Hara
Izzy Backyet,hiram@cassin.io,Bruen-Trantow
Adam Sapple,cortez_thompson@zulauf-gusikowski.net,Bashirian Inc
Bowen Arrow,nerissa_leuschke@rosenbaum.co,"Lowe, Beer and Quigley"
Morey Bund,glady@braun.info,Gorczany-Aufderhar
Stu Pitt,ariane@dietrich.org,Yundt-Jenkins
Trina Corder,winnifred.torp@barton-bode.org,Swift-Cummings
Constance Noring,nicolle_windler@russel-ferry.org,"Skiles, Borer and Purdy"
Lou Stooth,prince@quigley-heathcote.com,Heathcote-Runte
Missy Sippy,jarred@raynor.io,VonRueden-Quitzon
Rich Feller,jeff@wintheiser.info,Baumbach-Hudson
Rosie Peach,jack.shields@trantow.biz,O'Kon LLC
Anna Mull,stevie_heathcote@rolfson-konopelski.net,Rempel and Sons
