email,address,credit_name,credit_expire,security_code,zip
jason@nicolas.net,"57679 Berge Way, Rollandfurt, MI 64975",Joaquin DeFlores,2023,983,19742
dorene.fritsch@lueilwitz.org,"777 Lenna Row, East Josiahfurt, WY 62258-8612",Bea Lowe,2025,893,72730-9787
carter_russel@rath.biz,"324 Kohler Lakes, Volkmanberg, NH 03309-2830",Danielle Soloud,2023,137,20058
micheal@muller-marks.name,"185 Graig Trace, Malcolmfort, ME 01174",Lowden Clear,2021,325,72735
freddie@marquardt.com,"Apt. 848 31224 Bartoletti Islands, Port Lekishaview, IA 50808-0291",Barry Cade,2020,707,59764-7848
everett@veum.net,"Apt. 859 91598 Agnus Springs, East Danemouth, WA 33912",Dee Sember,2033,501,32350
osvaldo@heller.org,"33008 Roob Parkways, Rennerview, MN 71377-7806",Manuel Labor,2030,542,23728-3979
mellissa@okeefe.co,"9558 Klocko Crossroad, New Lyndonville, IN 35465",Jack Pott,2021,664,79438-8933
pamela@jaskolski.biz,"233 Francina Corner, McDermottberg, PA 60849-8650",Doris Open,2030,815,87196
timothy_connelly@medhurst.io,"Apt. 807 99382 Norman Road, South Nancytown, NC 04494",Sam Urai,2030,229,82744
dave@kuphal.io,"Apt. 264 211 Delisa Pass, Goodwinton, FL 36391-8052",Warren T.,2022,802,31326
logan.homenick@goldner.biz,"Suite 884 785 Alden Crossroad, Sonachester, IL 83493",Aaron Thetires,2022,579,50462
alex@smith-turcotte.co,"2726 Kihn Valley, Coleneshire, TX 50903-0939",Reid Enright,2021,852,99627-2392
kermit@langosh.name,"298 Micheal Stream, Lake Laree, NM 12363",Anita Knapp,2020,740,98872-4717
luisa.dickinson@kuphal.name,"Apt. 333 820 Dan Isle, Port Christinia, NJ 18090",Hare Brain,2026,304,39558-9822
